threshold, bins, ECR,
2, 2, 409.989749288,
2, 3, 125.881160567,
2, 4, 60.1913060343,
2, 5, 40.0888105099,
3, 2, 409.989749288,
3, 3, 125.881160567,
3, 4, 60.1913060343,
3, 5, 40.0888105099,
4, 2, 409.989749288,
4, 3, 125.881160567,
4, 4, 60.1913060343,
4, 5, 40.0888105099,
5, 2, 409.989749288,
5, 3, 125.881160567,
5, 4, 60.1913060343,
5, 5, 40.0888105099,